ISO3166  Landakóðar;;;;;;;;
Alpha-2;Heiti á íslensku;Heiti á ensku;English short name  ISO 3166;;;;;
AD;Andorra;Andorra;ANDORRA;;;;;
AE;Sameinuðu arabísku furstadæmin;United Arab Emirates;UNITED ARAB EMIRATES;;;;;
AF;Afganistan;Afghanistan;AFGHANISTAN;;;;;
AG;Antígva og Barbúda;Antigua and Barbuda;ANTIGUA AND BARBUDA;;;;;
AI;Angvilla;Anguilla;ANGUILLA;;;;;
AL;Albanía;Albania;ALBANIA;;;;;
AM;Armenía;Armenia;ARMENIA;;;;;
AN;Hollensku Antillur;Netherlands Antilles;NETHERLANDS ANTILLES;;;;;
AO;Angóla;Angola;ANGOLA;;;;;
AR;Argentína;Argentina;ARGENTINA;;;;;
AS;Bandaríska Samóa;American Samoa;AMERICAN SAMOA;;;;;
AT;Austurríki;Austria;AUSTRIA;;;;;
AU;Ástralía;Australia;AUSTRALIA;;;;;
AW;Arúba;Aruba;ARUBA;;;;;
AX;Álandseyjar;Åland Islands;;;;;;
AZ;Aserbaídsjan;Azerbaijan;AZERBAIJAN;;;;;
BA;Bosnía og Hersegóvína;Bosnia and Herzegovina;BOSNIA AND HERZEGOVINA;;;;;
BB;Barbados;Barbados;BARBADOS;;;;;
BD;Bangladess;Bangladesh;BANGLADESH;;;;;
BE;Belgía;Belgium;BELGIUM;;;;;
BF;Búrkína Fasó;Burkina Faso;BURKINA FASO;;;;;
BG;Búlgaría;Bulgaria;BULGARIA;;;;;
BH;Barein;Bahrain;BAHRAIN;;;;;
BI;Búrúndí;Burundi;BURUNDI;;;;;
BJ;Benín;Benin;BENIN;;;;;
BL;Sankti Batólólomeus;Saint Botélemy;;;;;;
BM;Bermúdaeyjar;Bermuda;BERMUDA;;;;;
BN;Brúnei;Brunei Darussalam;BRUNEI DARUSSALAM;;;;;
BO;Bólivía;Bolivia;BOLIVIA;;;;;
BR;Brasilía;Brazil;BRAZIL;;;;;
BS;Bahamaeyjar;Bahamas;BAHAMAS;;;;;
BT;Bútan;Bhutan;BHUTAN;;;;;
BW;Botsvana;Botswana;BOTSWANA;;;;;
BY;Hvíta-Rússland;Belarus;BELARUS;;;;;
BZ;Belís;Belize;BELIZE;;;;;
CA;Kanada;Canada;CANADA;;;;;
CC;Kókoseyjar;Cocos (Keeling) Islands;COCOS (KEELING) ISLANDS;;;;;
CD;Lýðveldið Kongó;Congo, Dem. Rep.of;CONGO, THE DEMOCRATIC REPUBLIC OF THE;;;;;
CF;Mið-Afríkulýðveldið;Central African Rep.;CENTRAL AFRICAN REPUBLIC;;;;;
CG;Kongó;Congo;CONGO;;;;;
CH;Sviss;Switzerland;SWITZERLAND;;;;;
CI;Fílabeinsströnd;Côte d'Ivoire;CÔTE D'IVOIRE;;;;;
CK;Cookseyjar;Cook Islands;COOK ISLANDS;;;;;
CL;Chile;Chile;CHILE;;;;;
CM;Kamerún;Cameroon;CAMEROON;;;;;
CN;Kína;China;CHINA;;;;;
CO;Kólumbía;Colombia;COLOMBIA;;;;;
CR;Kosta Ríka;Costa Rica;COSTA RICA;;;;;
CU;Kúba;Cuba;CUBA;;;;;
CV;Grænhöfðaeyjar;Cape Verde;CAPE VERDE;;;;;
CX;Jólaey;Christmas Island;CHRISTMAS ISLAND;;;;;
CY;Kýpur;Cyprus;CYPRUS;;;;;
CZ;Tékkland;Czechia;CZECHIA;;;;;
DE;Þýskaland;Germany;GERMANY;;;;;
DJ;Djíbútí;Djibouti;DJIBOUTI;;;;;
DK;Danmörk;Denmark;DENMARK;;;;;
DM;Dóminíka;Dominica;DOMINICA;;;;;
DO;Dóminíska lýðveldið;Dominican Republic;DOMINICAN REPUBLIC;;;;;
DZ;Alsír;Algeria;ALGERIA;;;;;
EC;Ekvador;Ecuador;ECUADOR;;;;;
EE;Eistland;Estonia;ESTONIA;;;;;
EG;Egyptaland;Egypt;EGYPT;;;;;
EH;Vestur-Sahara;Western Sahara;WESTERN SAHARA ');;;;;
ER;Erítrea;Eritrea;ERITREA;;;;;
ES;Spánn;Spain;SPAIN;;;;;
ET;Eþíópía;Ethiopia;ETHIOPIA;;;;;
FI;Finnland;Finland;FINLAND;;;;;
FJ;Fídjieyjar;Fiji;FIJI;;;;;
FK;Falklandseyjar;Falkland Islands;FALKLAND ISLANDS (MALVINAS);;;;;
FM;Míkrónesía;Micronesia, Fed. states of;MICRONESIA, FEDERATED STATES OF;;;;;
FO;Færeyjar;Faroe Islands;FAROE ISLANDS;;;;;
FR;Frakkland;France;FRANCE;;;;;
GA;Gabon;Gabon;GABON;;;;;
GB;Bretland;United Kingdom;UNITED KINGDOM;;;;;
GD;Grenada;Grenada;GRENADA;;;;;
GE;Georgía;Georgia;GEORGIA;;;;;
GF;Gíana (frönsk);French Guiana;FRENCH GUIANA;;;;;
GG;Guernsey;Guernsey;GUERNSEY;;;;;
GH;Gana;Ghana;GHANA;;;;;
GI;Gíbraltar;Gibraltar;GIBRALTAR;;;;;
GL;Grænland;Greenland;GREENLAND;;;;;
GM;Gambía;Gambia;GAMBIA;;;;;
GN;Gínea;Guinea;GUINEA;;;;;
GP;Gvadelúpeyjar;Guadeloupe;GUADELOUPE;;;;;
GQ;Miðbaugs-Gínea;Equatorial Guinea;EQUATORIAL GUINEA;;;;;
GR;Grikkland;Greece;GREECE;;;;;
GS;Suður-Georgía/Suður-Sandwicheyjar;South-Georgia/South Sandwich Islands;SOUTH GEORGIA AND THE SOUTH SANDWICH ISLANDS;;;;;
GT;Gvatemala;Guatemala;GUATEMALA;;;;;
GU;Guam;Guam;GUAM;;;;;
GW;Gínea-Bissá;Guinea-Bissau;GUINEA-BISSAU;;;;;
GY;Gvæjana;Guyana;GUYANA;;;;;
HK;Hong Kong;Hong Kong;HONG KONG;;;;;
HM;Heard og McDonaldseyjar;Heard and McDonald Islands;HEARD ISLAND AND MCDONALD ISLANDS;;;;;
HN;Hondúras;Honduras;HONDURAS;;;;;
HR;Króatía;Croatia;CROATIA;;;;;
HT;Haítí;Haiti;HAITI;;;;;
HU;Ungverjaland;Hungary;HUNGARY;;;;;
ID;Indónesía;Indonesia;INDONESIA;;;;;
IE;Írland;Ireland;IRELAND;;;;;
IL;Ísrael;Israel;ISRAEL;;;;;
IM;Mön;Isle of Man;ISLE OF MAN;;;;;
IN;Indland;India;INDIA;;;;;
IO;Bresku Indlandshafseyjar;British Indian Ocean Territory;BRITISH INDIAN OCEAN TERRITORY;;;;;
IQ;Írak;Iraq;IRAQ;;;;;
IR;Íran;Iran, Islamic Rep.of;IRAN, ISLAMIC REPUBLIC OF;;;;;
IT;Ítalía;Italy;ITALY;;;;;
JE;Jersey;Jersey;JERSEY;;;;;
JM;Jamaíka;Jamaica;JAMAICA;;;;;
JO;Jórdanía;Jordan;JORDAN;;;;;
JP;Japan;Japan;JAPAN;;;;;
KE;Kenía;Kenya;KENYA;;;;;
KG;Kirgisistan;Kyrgystan;KYRGYZSTAN;;;;;
KH;Kambódía;Cambodia;CAMBODIA;;;;;
KI;Kíribatí;Kiribati;KIRIBATI;;;;;
KM;Kómoreyjar;Comoros;COMOROS;;;;;
KN;Sankti Kitts og Nevis;Saint Kitts and Nevis;SAINT KITTS AND NEVIS;;;;;
KP;Norður-Kórea;Korea, Dem. Peoples Rep. of;KOREA, DEMOCRATIC PEOPLE'S REPUBLIC OF;;;;;
KR;Suður-Kórea;Korea, Rep. of;KOREA, REPUBLIC OF;;;;;
KW;Kúveit;Kuwait;KUWAIT;;;;;
KY;Caymaneyjar;Cayman Islands;CAYMAN ISLANDS;;;;;
KZ;Kasakstan;Kazakhstan;KAZAKHSTAN;;;;;
LA;Laos;Lao Peoples Dem. Rep.;LAO PEOPLE'S DEMOCRATIC REPUBLIC;;;;;
LB;Líbanon;Lebanon;LEBANON;;;;;
LC;Sankti Lúsía;Saint Lucia;SAINT LUCIA;;;;;
LI;Liechtenstein;Liechtenstein;LIECHTENSTEIN;;;;;
LK;Srí Lanka;Sri Lanka;SRI LANKA;;;;;
LR;Líbería;Liberia;LIBERIA;;;;;
LS;Lesótó;Lesotho;LESOTHO;;;;;
LT;Litháen;Lithuania;LITHUANIA;;;;;
LU;Lúxemborg;Luxembourg;LUXEMBOURG;;;;;
LV;Lettland;Latvia;LATVIA;;;;;
LY;Líbía;Libyan Arab Jamahiriya;LIBYAN ARAB JAMAHIRIYA;;;;;
MA;Marokkó;Morocco;MOROCCO;;;;;
MC;Mónakó;Monaco;MONACO;;;;;
MD;Moldóva;Moldova, Rep. of;MOLDOVA, REPUBLIC OF;;;;;
ME;Svartfjallaland;Montenegro;MONTENEGRO;;;;;
MF;Sankti Martin;Saint Martin;;;;;;
MG;Madagaskar;Madagascar;MADAGASCAR;;;;;
MH;Marshalleyjar;Marshall Islands;MARSHALL ISLANDS;;;;;
MK;Makedónía;North Macedonia;the Republic of North Macedonia;;;;;
ML;Malí;Mali;MALI;;;;;
MM;Mýanmar;Myanmar;MYANMAR;;;;;
MN;Mongólía;Mongolia;MONGOLIA;;;;;
MO;Makaó;Macau;MACAO;;;;;
MP;Norður-Maríanaeyjar;Northern Mariana Islands;NORTHERN MARIANA ISLANDS;;;;;
MQ;Martiník;Martinique;MARTINIQUE;;;;;
MR;Máritanía;Mauritania;MAURITANIA;;;;;
MS;Montserrat;Montserrat;MONTSERRAT;;;;;
MT;Malta;Malta;MALTA;;;;;
MU;Máritíus;Mauritius;MAURITIUS;;;;;
MV;Maldíveyjar;Maldives;MALDIVES;;;;;
MW;Malaví;Malawi;MALAWI;;;;;
MX;Mexíkó;Mexico;MEXICO;;;;;
MY;Malasía;Malaysia;MALAYSIA;;;;;
MZ;Mósambík;Mozambique;MOZAMBIQUE;;;;;
NA;Namibía;Namibia;NAMIBIA;;;;;
NC;Nýja-Kaledónía;New Caledonia;NEW CALEDONIA;;;;;
NE;Níger;Niger;NIGER;;;;;
NF;Norfolkey;Norfolk Island;NORFOLK ISLAND;;;;;
NG;Nígería;Nigeria;NIGERIA;;;;;
NI;Níkaragva;Nicaragua;NICARAGUA;;;;;
NL;Holland;Netherlands;NETHERLANDS;;;;;
NO;Noregur;Norway;NORWAY;;;;;
NP;Nepal;Nepal;NEPAL;;;;;
NR;Nauru;Nauru;NAURU;;;;;
NU;Niue;Niue;NIUE;;;;;
NZ;Nýja-Sjáland;New Zealand;NEW ZEALAND;;;;;
OM;Óman;Oman;OMAN;;;;;
PA;Panama;Panama;PANAMA;;;;;
PE;Perú;Peru;PERU;;;;;
PF;Franska Pólýnesía;French Polynesia;FRENCH POLYNESIA;;;;;
PG;Papúa Nýja-Gínea;Papua New-Ginea;PAPUA NEW GUINEA;;;;;
PH;Filippseyjar;Philippines;PHILIPPINES;;;;;
PK;Pakistan;Pakistan;PAKISTAN;;;;;
PL;Pólland;Poland;POLAND;;;;;
PM;Sankti Pierre og Miquelon;Saint Pierre and Miquelon;SAINT PIERRE AND MIQUELON;;;;;
PN;Pitcairn;Pitcairn;PITCAIRN;;;;;
PR;Púertó Ríkó;Puerto Rico;PUERTO RICO;;;;;
PS;Palestínska sjálfstjórnarríkið;Palestinian territory, occupied;PALESTINIAN TERRITORY, OCCUPIED;;;;;
PT;Portúgal;Portugal;PORTUGAL;;;;;
PW;Palau;Palau;PALAU;;;;;
PY;Paraguay;Paraguay;PARAGUAY;;;;;
QA;Katar;Qatar;QATAR;;;;;
RE;Reúníon;Réunion;RÉUNION;;;;;
RO;Rúmenía;Romania;ROMANIA;;;;;
RS;Serbía;Serbia;SERBIA;;;;;
RU;Rússland;Russia;RUSSIAN FEDERATION;;;;;
RW;Rúanda;Rwanda;RWANDA;;;;;
SA;Sádi-Arabía;Saudi Arabia;SAUDI ARABIA;;;;;
SB;Salómonseyjar;Solomon Islands;SOLOMON ISLANDS;;;;;
SC;Seychelleseyjar;Seychelles;SEYCHELLES;;;;;
SD;Súdan;Sudan;SUDAN;;;;;
SE;Svíþjóð;Sweden;SWEDEN;;;;;
SG;Singapúr;Singapore;SINGAPORE;;;;;
SH;Sankti Helena;Saint Helena;SAINT HELENA;;;;;
SI;Slóvenía;Slovenia;SLOVENIA;;;;;
SK;Slóvakía;Slovakia;SLOVAKIA;;;;;
SL;Síerra Leóne;Sierra Leone;SIERRA LEONE;;;;;
SM;San Marínó;San Marino;SAN MARINO;;;;;
SN;Senegal;Senegal;SENEGAL;;;;;
SO;Sómalía;Somalia;SOMALIA;;;;;
SR;Súrínam;Suriname;SURINAME;;;;;
ST;Saó Tóme og Prinsípe;Sao Tome and Principe;SAO TOME AND PRINCIPE;;;;;
SV;El Salvador;El Salvador;EL SALVADOR;;;;;
SY;Sýrland;Syrian, Arab. Rep.;SYRIAN ARAB REPUBLIC;;;;;
SZ;Svasíland;Swaziland;SWAZILAND;;;;;
TC;Turks- og Caicoseyjar;Turks and Caicos Islands;TURKS AND CAICOS ISLANDS;;;;;
TD;Tsjad;Chad;CHAD;;;;;
TF;Frönsku suðlægu landsvæðin;French Southern Territories;FRENCH SOUTHERN TERRITORIES;;;;;
TG;Tógó;Togo;TOGO;;;;;
TH;Taíland;Thailand;THAILAND;;;;;
TJ;Tadsjikistan;Tajikistan;TAJIKISTAN;;;;;
TK;Tokelau;Tokelau;TOKELAU;;;;;
TL;Tímor-Leste;Timor-Leste;TIMOR-LESTE;;;;;
TM;Túrkmenistan;Turkmenistan;TURKMENISTAN;;;;;
TN;Túnis;Tunisia;TUNISIA;;;;;
TO;Tonga;Tonga;TONGA;;;;;
TR;Tyrkland;Turkey;TURKEY;;;;;
TT;Trínidad og Tobagó;Trinidad and Tobago;TRINIDAD AND TOBAGO;;;;;
TV;Túvalú;Tuvalu;TUVALU;;;;;
TW;Taívan;Taiwan;TAIWAN, PROVINCE OF CHINA;;;;;
TZ;Tansanía;Tanzania;TANZANIA, UNITED REPUBLIC OF;;;;;
UA;Úkraína;Ukraina;UKRAINE;;;;;
UG;Úganda;Uganda;UGANDA;;;;;
UM;Bandarískar eyjar í Kyrrahafi, ót.a.;US Minor Outlaying Islands;UNITED STATES MINOR OUTLYING ISLANDS;;;;;
US;Bandaríkin;United States;UNITED STATES;;;;;
UY;Úrúguay;Uruguay;URUGUAY;;;;;
UZ;Úsbekistan;Uzbekistan;UZBEKISTAN;;;;;
VA;Páfagarður;Holy See (Vatican City State);HOLY SEE (VATICAN CITY STATE);;;;;
VC;Sankti Vincent og Grenadineyjar;Saint Vincent and the Grenadines;SAINT VINCENT AND THE GRENADINES;;;;;
VE;Venezúela;Venezuela;VENEZUELA;;;;;
VG;Jómfrúaeyjar (breskar);Virgin Islands (British);VIRGIN ISLANDS, BRITISH;;;;;
VI;Jómfrúaeyjar (bandar.);Virgin Islands (US);VIRGIN ISLANDS, U.S.;;;;;
VN;Víetnam;Viet Nam;VIET NAM;;;;;
VU;Vanúatú;Vanuatu;VANUATU;;;;;
WF;Wallis- og Fútúnaeyjar;Wallis and Futuna Islands;WALLIS AND FUTUNA;;;;;
WS;Samóa;Samoa;SAMOA;;;;;
YE;Jemen;Yemen;YEMEN;;;;;
YT;Mayotte;Mayotte;MAYOTTE;;;;;
ZA;Suður-Afríka;South Africa;SOUTH AFRICA;;;;;
ZM;Sambía;Zambia;ZAMBIA;;;;;
ZW;Simbabve;Zimbabwe;ZIMBABWE;;;;;